Titre;auteur;emplacement
L'Evolution des Chateaux Forts dans la France au Moyen Age;Auteur Inconnu;Boite 1
L'Atlas du Monde Antique;Auteur Inconnu;Boite 1
Tombelaine Le Reveil du Dragon - Chailllet Capo;Chailllet Capo;Boite 1
Giovani L'Exil du Renard - Pleyers;Pleyers;Boite 1
Merveilles du Monde;Auteur Inconnu;Boite 1
L'Espace Etoiles Planetes et Galaxies Un Univers a Decouvrir;Auteur Inconnu;Boite 1
Des Pyramides aux Gratte Ciel - Les Merveilles du Monde;Auteur Inconnu;Boite 1
Absolutisme et Revolutions;Auteur Inconnu;Boite 1
Les Maitres de l'Orge Les Steenfort - Van Hamme Valles;Van Hamme Valles;Boite 1
Le Debarquement - Weinberg Martin;Weinberg Martin;Boite 1
Les Deesses de la Route - Marin Van Der Zuiden Metapat;Marin Van Der Zuiden Metapat;Boite 1
Chasseurs de Scoops L'Histoire Vraie des Photos Qui Ont Secoue la Repu Tarzan L'Integrale Tome 1;Auteur Inconnu;Boite 1
Himalaya Inconnu;Auteur Inconnu;Boite 1
Images d'Alix - Martin;Martin;Boite 1
Un Siecle de Femmes - Lesueur Marny;Auteur Inconnu;Boite 2
Au Bonheur du Tour - Delerm;Auteur Inconnu;Boite 2
L'Enfant de la Horde - Martin Milan;Auteur Inconnu;Boite 2
Contes de Madame d'Aulnoy;Auteur Inconnu;Boite 2
Legendes et Contes des Pharaons;Auteur Inconnu;Boite 2
Alix Senator Les Aigles de Sang;Auteur Inconnu;Boite 2
A la Recherche du Temps Perdu;Auteur Inconnu;Boite 2
A l'Ombre des Jeunes Filles en Fleurs;Auteur Inconnu;Boite 2
Tarzan L'Integrale Tome 2;Auteur Inconnu;Boite 2
Ces Animaux Qui Nous Gouvernent Tome 2;Auteur Inconnu;Boite 2
Le Monde des Azteques - Ehoiuve Vie Wohrer;Auteur Inconnu;Boite 2
Comment Ca Fonctionne;Auteur Inconnu;Boite 2
Les Contes de la Folie Mericourt;Auteur Inconnu;Boite 2
Bricolage et Depannage Pour Tous;Auteur Inconnu;Boite 2
La Cuisine Chinoise Sans Peine;Auteur Inconnu;Boite 2
Contes et Legendes de l'Afrique des Grands Lacs;Auteur Inconnu;Boite 2
Splendeur et Decadence de Rome;Auteur Inconnu;Boite 2
La Planete aux 100 Pieges Livre Jeu;Auteur Inconnu;Boite 2
Le Repaire du Katana;Auteur Inconnu;Boite 2
Le Tibet;Auteur Inconnu;Boite 2